Name,Count
shit,2349
miss,2098
damn,1757
fuck,1636
hard,1268
crazy,1215
tired,1204
hell,1195
die,1162
:/,1141
lost,1025
bitch,989
sick,970
fall,958
wrong,940
):,913
problem,856
sad,845
fail,842
ugh,835
suck,798
cold,780
fucking,759
mad,759
break,704
hurt,695
dead,674
stupid,663
missed,660
bored,601
kill,583
weird,575
cry,564
death,530
issue,517
worst,472
lie,472
pain,456
cheap,444
drunk,406
smell,406
crap,400
hang,400
dark,399
poor,374
fat,371
slow,370
worry,360
joke,356
stuck,353
broke,345
wild,345
lose,345
jam,322
trouble,316
died,315
crash,314
scared,311
chill,307
dirty,298
jealous,297
fell,294
fake,291
rip,290
cloudy,285
falling,280
fear,279
lazy,279
cancer,278
worse,272
ugly,263
annoying,258
mess,255
broken,254
boring,249
scary,248
mistake,246
cloud,245
dumb,241
killed,237
attack,234
killing,230
dick,225
trick,221
loose,217
fool,216
confused,216
afraid,216
evil,213
monster,213
angry,211
loud,208
shame,205
smoke,204
blame,203
doubt,203
loss,200
bug,200
fml,200
lame,196
blow,196
breaking,193
horrible,193
terrible,192
silly,190
headache,188
crack,187
killer,186
bomb,185
limit,183
excuse,179
lack,177
blah,177
dying,176
freak,176
strange,176
waste,175
upset,171
jerk,171
stress,167
sore,166
addicted,165
lonely,164
creepy,158
idiot,156
nasty,156
losing,151
insane,150
burn,150
shake,149
worried,148
freaking,145
heck,144
sin,144
dope,139
mystery,139
warning,138
gross,136
devil,135
awful,135
error,135
wreck,133
odd,132
difficult,131
strike,131
nervous,130
gossip,129
steal,129
ridiculous,129
punch,128
shark,127
recession,126
hater,125
bloody,125
exhausted,124
risk,124
scream,123
knock,123
zombie,123
tank,123
failure,121
crush,121
failed,121
rumor,120
fault,120
crisis,118
alarm,117
debt,117
noise,116
lying,115
grind,114
annoyed,113
shock,113
blind,112
weed,111
weak,109
loser,109
bullshit,109
trash,109
crime,109
murder,107
fried,106
negative,105
rude,104
awkward,104
guilty,104
wack,103
ignore,102
pig,102
expensive,101
unfortunately,101
impossible,100
enemy,99
scare,98
ruin,97
dangerous,96
badly,96
wasted,95
protest,95
panic,95
fever,94
wicked,92
nightmare,92
bash,92
punk,92
hated,91
freezing,91
split,91
skinny,91
regret,91
burning,90
scratch,90
bum,90
sneak,89
bother,89
refuse,89
messed,89
disappointed,88
lemon,87
sucked,87
rough,85
complain,85
concern,84
intense,83
slowly,83
emergency,83
delay,83
liar,82
pan,82
suicide,81
slap,81
hung,81
virus,80
hype,80
stole,80
whore,80
ghetto,80
frozen,78
limited,78
bastard,76
struggle,76
damage,76
rape,74
anger,74
drag,74
suspect,74
bump,74
threat,73
mar,73
bust,73
pretend,73
sadly,72
shocked,72
rage,70
injury,68
hating,67
depressed,67
complaining,66
ache,66
complex,66
hurting,66
false,65
ignorance,65
stranger,64
cheat,64
curse,64
scam,64
frustrated,64
twist,63
naughty,63
desperate,63
plot,63
danger,63
painful,63
concerned,63
disgusting,62
junk,62
lied,62
disagree,62
vice,62
trap,62
pathetic,61
dust,61
fallen,61
unknown,61
illegal,60
burned,60
cheating,59
randomly,59
offensive,59
retarded,59
prison,59
depressing,58
useless,58
delayed,58
hack,58
conservative,58
smack,57
funky,57
disaster,57
stolen,56
madness,56
sack,55
;(,55
revenge,55
dilemma,55
obnoxious,55
racist,55
complicated,55
knife,54
crashed,54
crappy,54
addict,53
sue,53
madden,53
bitter,53
screwed,53
criminal,53
messy,53
rant,52
reject,52
rocky,52
fails,52
blunt,52
smash,51
twisted,51
err,51
dirt,50
freeze,50
depression,50
destroy,50
stealing,50
parody,49
cave,48
bleeding,48
thug,48
rail,48
terror,48
creep,48
garbage,48
allergy,48
myth,48
unexpected,48
stink,47
fiction,47
leak,47
selfish,47
rubbish,46
shocking,46
beware,46
worn,46
ashamed,46
struggling,46
ruined,46
abuse,45
warped,45
irony,45
embarrassing,45
ignorant,45
yawn,45
retreat,45
darkness,45
suffer,45
clash,44
tout,44
deny,44
torrent,44
chaos,44
sour,43
damned,43
severe,43
bothered,43
sober,43
sucker,43
desert,42
challenging,42
ripped,42
sob,42
suffering,42
cruel,42
bizarre,42
nonsense,42
fraud,41
unsure,41
confusing,41
torture,41
dizzy,41
desperately,41
boycott,41
sink,41
critical,40
dislike,40
brutal,40
worrying,40
disturbing,40
friggin,39
unusual,39
critic,39
loses,39
annoy,39
rival,39
hum,39
demon,39
din,38
dump,38
failing,37
sweaty,37
stall,37
urgent,37
confession,37
chore,37
unhappy,37
messing,37
deadly,37
frustration,37
invisible,37
frustrating,36
hoax,36
anxious,36
scar,36
cracked,36
itchy,36
racism,36
cheesy,36
sickness,36
slut,36
explode,35
beg,35
assault,35
toll,35
distraction,35
ironic,35
syndrome,35
crowded,35
dull,35
tension,35
gripe,35
retard,35
fist,35
uncomfortable,35
inglorious,35
wound,34
paranoid,34
boredom,34
begging,34
isolated,34
sticky,34
miserable,34
irritated,34
conflict,34
anxiety,33
complaint,33
annoys,33
insanity,33
cranky,33
unable,33
weakness,33
drunken,33
slave,33
lag,33
toxic,32
fuzzy,32
sarcasm,32
trapped,32
disorder,32
chilly,32
cheated,32
propaganda,32
wasting,32
gloomy,32
doom,32
dire,32
bully,32
furious,32
struck,31
flaw,31
utterly,31
sap,31
fallout,31
spoil,31
collapse,31
illness,31
numb,31
poison,31
disgusted,31
pity,31
mashed,31
insult,31
stressful,31
difficulty,31
cunt,31
penalty,30
strictly,30
object,30
mistaken,30
violent,30
disappointing,30
spoiled,30
unbelievable,30
mysterious,30
disappointment,29
woe,29
filthy,29
brat,29
gasp,29
bent,29
decline,29
resistance,29
unfortunate,29
clueless,28
choke,28
unnecessary,28
stupidity,28
breakdown,28
crushed,28
infection,28
symptom,28
aching,28
crashing,28
terribly,28
overrated,28
swollen,28
bruise,28
strangely,28
warned,27
dumped,27
ridiculously,27
pointless,27
addicting,27
scandal,27
temper,27
prick,27
bleed,27
cramp,27
confusion,27
sneaky,27
radical,27
prisoner,27
tease,27
louder,27
hectic,26
ding,26
humid,26
orphan,26
idle,26
sting,26
grumpy,26
tragedy,26
fierce,26
slower,26
drained,26
corrupt,26
greedy,25
infected,25
vomit,25
smelling,25
moron,25
cheater,25
vanity,25
fudge,25
sued,25
boiling,24
criticism,24
chatter,24
bitchy,24
hatred,24
itch,24
stunt,24
overwhelmed,24
restless,24
cuss,24
bumped,24
assassin,24
denied,24
scariest,23
deaf,23
stereotype,23
mist,23
fatty,23
inappropriate,23
faint,23
gangster,23
flirt,23
vent,23
moody,23
lacking,23
misery,23
noisy,23
outrageous,23
hysterical,23
irritating,23
corruption,23
dread,23
opposition,22
immature,22
jealousy,22
smelly,22
opponent,22
foolish,22
joker,22
strict,22
guilt,22
darker,22
craziness,22
squash,22
frown,22
goon,22
controversial,22
smelled,22
sarcastic,22
procrastination,22
passive,22
insanely,22
biting,21
stab,21
vague,21
ugliest,21
unemployed,21
fatal,21
sadness,21
irrelevant,21
oddly,21
infamous,21
foul,21
conspiracy,21
bumping,21
punishment,21
rogue,21
tragic,21
runaway,21
plea,21
flake,21
midget,21
shady,21
disabled,21
tiring,21
uprising,21
destruction,20
absence,20
growl,20
glitch,20
belated,20
whine,20
mania,20
impatient,20
apocalypse,20
obese,20
neglected,20
obstacle,20
drain,20
aggressive,20
drowning,20
puppet,20
reckless,20
poorly,20
rejected,19
absurd,19
hypocrite,19
grief,19
dent,19
disappoint,19
downside,19
fragile,19
threatening,19
stubborn,19
haunting,19
shortage,19
lure,19
mock,19
bugging,19
allergic,19
unbelievably,19
pimple,19
dusty,19
downhill,19
worthless,19
douchebag,19
grudge,18
expired,18
biased,18
insecure,18
confuse,18
inevitable,18
hazard,18
pinch,18
kook,18
hideous,18
burden,18
disrespect,18
spade,18
shameless,18
blur,18
bore,18
rollercoaster,18
shrug,18
harm,18
rotten,17
excessive,17
spooky,17
fanatic,17
menace,17
cliche,17
haunt,17
sucky,17
stumbled,17
fuss,17
scrap,17
rust,17
itching,17
poverty,17
imaginary,17
unsettling,17
crushing,17
raging,17
disrespectful,17
petty,17
mistress,17
pale,17
peeve,17
denial,17
naive,17
nosey,17
harsh,17
weary,17
whining,17
bias,17
childish,17
ruining,17
dragged,17
unlikely,17
suspicious,17
nag,16
dispute,16
rascal,16
restriction,16
wrath,16
dragging,16
queer,16
tacky,16
controversy,16
bothering,16
heartless,16
glare,16
strangest,16
raped,16
chronic,16
buckle,16
rusty,16
savage,16
meltdown,16
oppose,16
crook,16
slaughter,16
sloppy,16
overwhelming,16
agony,16
inadequate,16
massacre,16
temptation,16
underestimate,16
stern,15
refused,15
exploit,15
frost,15
hostage,15
buggy,15
cruelty,15
cocky,15
weirdly,15
scarce,15
rattle,15
tantrum,15
giddy,15
distress,15
sinking,15
awfully,15
bruised,15
unleash,15
offend,15
horde,15
hopeless,15
erase,15
disregard,15
overdue,15
maniac,14
struggled,14
shiver,14
terrorism,14
slack,14
warp,14
despise,14
vicious,14
foe,14
phony,14
jobless,14
clumsy,14
stain,14
complication,14
exhaust,14
suspicion,14
envious,14
outrage,14
sag,14
coward,14
horrid,14
dazed,14
boil,14
fatigue,14
smug,14
defensive,14
negativity,14
misunderstood,14
insulting,14
weep,14
scrambled,14
notorious,14
dim,14
suffers,14
undignified,14
gutter,14
scratched,13
fooled,13
vulgar,13
distracting,13
disturbed,13
blister,13
denies,13
offender,13
spite,13
tricky,13
snag,13
loathe,13
indulge,13
bait,13
cringe,13
smut,13
vulnerable,13
buzzing,13
delusional,13
dumping,13
vibration,13
contagious,13
deprived,13
underdog,13
strain,13
bashing,13
frightening,13
madly,13
anarchy,13
illusion,12
cynical,12
static,12
resignation,12
revolt,12
swagger,12
ironically,12
payback,12
stew,12
bankrupt,12
fiasco,12
complains,12
greasy,12
offence,12
prejudice,12
culprit,12
limitation,12
misfit,12
pest,12
picky,12
unexpectedly,12
dissing,12
clique,12
procrastinate,12
illegally,12
humming,12
drought,12
abused,12
shallow,12
irresponsible,12
shaky,12
inconvenience,12
slug,12
needy,12
stupidest,12
stark,12
creeping,12
fumble,12
damaged,12
suicidal,12
traitor,11
moan,11
resentment,11
refusing,11
sorrow,11
tricked,11
confess,11
backward,11
overweight,11
outbreak,11
impending,11
incorrect,11
hiss,11
chunky,11
downturn,11
rhetoric,11
protesting,11
hustler,11
rivalry,11
crooked,11
downfall,11
blurry,11
dense,11
trivial,11
rot,11
goofy,11
accuse,11
obscure,11
concession,11
doomed,11
arrogant,11
fret,11
inability,11
stiff,11
downgrade,11
lousy,11
mourner,11
tramp,11
stumble,11
snob,11
hollow,11
fume,11
rash,11
dissapointed,11
upsetting,11
flare,11
violation,11
appalled,11
threaten,11
fury,10
infringement,10
punish,10
surrender,10
panicking,10
heartbreaking,10
#fml,10
chaotic,10
douchebags,10
questionable,10
manic,10
blasted,10
disgust,10
miserably,10
wrestle,10
showdown,10
grim,10
dreadful,10
unhealthy,10
miscellaneous,10
draining,10
implication,10
defiance,10
murderer,10
interrupt,10
imperfection,10
tumble,10
hassle,10
vain,10
butcher,10
threesome,10
casualty,10
suffered,10
poorer,10
dictator,10
bogus,10
bumpy,10
squeal,10
muddy,10
grumble,10
breach,10
hypocrisy,10
misunderstanding,10
frenzy,10
setback,10
idiocy,9
unreasonable,9
stuffy,9
thwart,9
starvation,9
sabotage,9
accidental,9
loot,9
peeled,9
decay,9
stump,9
infuriating,9
interference,9
havoc,9
aggression,9
gloom,9
froze,9
tardy,9
audacity,9
devastated,9
rue,9
goof,9
stormy,9
mediocre,9
sham,9
misleading,9
sketchy,9
sharply,9
extremist,9
demise,9
stupidly,9
exhaustion,9
slowest,9
vex,9
hazy,9
scold,9
unacceptable,9
swamped,9
loner,9
lunatic,9
corrupted,9
inferior,9
intimidating,9
insulted,9
uninsured,9
bullying,9
unfinished,9
haze,9
dripping,9
despair,9
turmoil,9
unwell,9
vibrate,9
slime,9
spank,9
bane,9
risky,8
tyrant,8
scratchy,8
smear,8
insecurity,8
uneasy,8
disturb,8
snare,8
outburst,8
unavailable,8
overpriced,8
leer,8
futile,8
unlucky,8
neglect,8
brute,8
catastrophic,8
matte,8
mediocrity,8
breakup,8
delaying,8
hostile,8
damnation,8
lone,8
gruesome,8
taboo,8
unbearable,8
unfamiliar,8
throbbing,8
manipulation,8
disable,8
scorn,8
criticize,8
smelt,8
undecided,8
crumbling,8
instability,8
rejection,8
troubling,8
heartbreaker,8
punished,8
distract,8
fussy,8
pout,8
restricted,8
confuses,8
careless,8
starve,8
helpless,8
slump,8
imperfect,8
mocking,8
unwanted,8
complained,8
crumble,8
paranoia,8
lifeless,8
trashed,8
unpredictable,8
innuendo,8
deceiving,8
bribery,8
ailing,8
swelling,8
weaker,7
shockingly,7
trauma,7
ire,7
pricey,7
overwhelm,7
forbidden,7
sickening,7
damaging,7
jerky,7
mockery,7
lethal,7
scum,7
manipulate,7
unrest,7
crude,7
affliction,7
contention,7
cursed,7
genocide,7
frustrate,7
tedious,7
mistakenly,7
ordeal,7
exile,7
irrational,7
beggar,7
unnoticed,7
resigned,7
seedy,7
taunt,7
wildly,7
vibrating,7
wedge,7
craze,7
horrifying,7
passe,7
rhetorical,7
shabby,7
steep,7
malice,7
rampage,7
debacle,7
raping,7
disgrace,7
morbid,7
dissed,7
inactive,7
bloated,7
hooligan,7
lagging,7
leaking,7
misinformed,7
annoyance,7
epidemic,7
confrontation,7
delusion,7
discontent,7
fright,7
shameful,7
parasite,7
revolting,7
erratic,7
injustice,7
loneliness,7
overlook,7
trashy,7
ranting,7
avalanche,7
plague,7
squeak,7
outlaw,7
allegation,7
skeptical,7
fictional,7
madman,7
fallacy,7
ambush,7
oblivious,7
irritate,7
mislead,7
vile,7
painfully,7
crafty,7
invader,6
torment,6
mirage,6
denying,6
mushy,6
ruffle,6
unproductive,6
ominous,6
wrinkle,6
sidetracked,6
catastrophe,6
zap,6
anarchist,6
layoff,6
deficiency,6
squeaky,6
atrocious,6
troubled,6
bitterness,6
idiotic,6
impose,6
unwilling,6
powerless,6
perish,6
crippled,6
mourn,6
unstable,6
rampant,6
loathing,6
cussed,6
destructive,6
devastating,6
overthrow,6
wobble,6
set-up,6
disagrees,6
delirious,6
quitter,6
taunting,6
anxiously,6
spew,6
babble,6
excessively,6
discrimination,6
stun,6
foolishness,6
doubtful,6
deception,6
travesty,6
hurtful,6
conflicting,6
remorse,6
bunk,6
stench,6
mire,6
alarming,6
spilling,6
contend,6
melancholy,6
frigid,6
fascist,6
rebuke,6
pokey,6
obsessive,6
liability,6
calamity,6
incomplete,6
delirium,6
jaded,6
daze,6
pervert,6
strut,6
abyss,6
tyranny,6
interruption,6
betrayal,6
sly,6
sulk,6
ludicrous,6
throttle,6
famished,6
scarier,6
stinging,6
limp,6
blasphemy,6
brutally,6
overturn,6
abomination,6
disputed,6
isolation,6
latency,6
appalling,6
unfriendly,6
irks,6
drawback,6
horrendous,6
confront,6
absurdity,6
tortured,6
handicapped,6
deceit,6
problematic,6
unpleasant,6
sloow,6
wretched,6
splitting,6
overkill,6
undone,6
discontinued,6
misguided,6
picket,6
embarrassment,6
unclear,6
snub,6
snarky,6
peril,6
outcast,6
outsider,6
outraged,6
bland,6
strangle,6
lengthy,5
objection,5
perverse,5
whiny,5
brood,5
baffled,5
stereotypical,5
dud,5
detests,5
skeptic,5
hefty,5
blatant,5
obscene,5
superficial,5
blindside,5
incapable,5
peculiar,5
hypocritical,5
incense,5
adversity,5
wickedness,5
break-up,5
alienate,5
onslaught,5
partisan,5
tanked,5
unwillingness,5
annoyingly,5
mangled,5
adverse,5
congestion,5
disbelief,5
dodgey,5
fiend,5
hinder,5
dreary,5
incompetent,5
strife,5
lapse,5
botch,5
indoctrination,5
subversion,5
shatter,5
slowed,5
contradiction,5
paralyzed,5
sickly,5
explosive,5
vexation,5
unpopular,5
heathen,5
illiterate,5
miser,5
crabby,5
sinful,5
mindless,5
filth,5
harmed,5
meaningless,5
clogged,5
inconsiderate,5
stale,5
venom,5
bulky,5
ax,5
thirst,5
musty,5
condemned,5
snobby,5
unclean,5
malicious,5
traumatized,5
mundane,5
sluggish,5
excruciating,5
uninformed,5
regrettable,5
faulty,5
impaired,5
pretentious,5
abnormal,5
indecisive,5
senseless,5
soreness,5
contempt,5
misconception,5
barbarian,5
gullible,5
misfortune,5
untrue,5
intermittent,5
womanizer,5
betray,5
distressed,5
declining,5
rip-off,5
trickery,5
stutter,5
hysterically,5
hardship,5
greed,5
horrific,5
despicable,5
hedge,5
vomiting,5
hallucination,5
tangled,5
wilt,5
friction,5
downer,5
insatiable,5
disliked,5
clog,5
reluctant,5
asinine,5
nemesis,5
arbitrary,5
saggy,5
accusing,5
unresolved,5
apathy,5
tainted,5
raving,5
rejecting,5
hissing,5
embarrass,5
disconcerting,5
relentlessly,5
hazardous,5
harmful,5
nettle,5
blinding,5
viper,5
uncertain,5
drippy,5
harass,5
blatantly,5
faze,5
angrily,4
scolding,4
condescending,4
unravel,4
implode,4
plight,4
lier,4
stubbornness,4
discredit,4
sneer,4
short-lived,4
felon,4
bonkers,4
spotty,4
startling,4
disrupt,4
interfere,4
frustrates,4
comical,4
sufferer,4
scarred,4
disappoints,4
dishonest,4
sever,4
concede,4
fiendish,4
astray,4
abusive,4
predicament,4
destroyer,4
anti-social,4
stooge,4
conceited,4
dinky,4
ridicule,4
flirty,4
bullshyt,4
sunk,4
disoriented,4
inundated,4
slaughtered,4
defect,4
unusually,4
criticized,4
omission,4
troublesome,4
mobster,4
obsolete,4
gimmick,4
crass,4
fleeting,4
peeved,4
rift,4
tense,4
darken,4
screech,4
invasive,4
spook,4
traumatic,4
secretive,4
swipe,4
commonplace,4
spewing,4
rabid,4
insignificant,4
fugitive,4
drastically,4
deceptive,4
discomfort,4
refutes,4
demeaning,4
oversight,4
wanton,4
tentative,4
torturing,4
eccentric,4
ambivalent,4
provoke,4
arrogance,4
felonious,4
incoherent,4
irate,4
costly,4
livid,4
lurking,4
bleeds,4
one-sided,4
carnage,4
irked,4
blistering,4
dungeon,4
contamination,4
riled,4
jolt,4
cowardly,4
demolish,4
subjected,4
miserly,4
oddest,4
sloth,4
stampede,4
ineffective,4
embattled,4
unattractive,4
inconsistent,4
mischief,4
slashing,4
hysteria,4
violate,4
disgraceful,4
disarray,4
farce,4
vengeance,4
dearth,4
dripped,4
scandalous,4
defy,4
gibberish,4
poisonous,4
obnoxiously,4
bigotry,4
obliterate,4
untouched,4
falsely,4
commotion,4
painfull,4
solemn,4
vibrates,4
grouch,4
flaky,4
mishap,4
unconfirmed,4
aversion,4
criticizing,4
bleak,4
flee,4
quarrel,4
unrealistic,4
pitiful,4
overblown,4
retract,4
bondage,4
erosion,4
stingy,4
taxing,4
ricer,4
deadbeat,4
injure,4
unneeded,4
scrambling,4
grieving,4
shortcoming,4
lacked,4
scarcity,4
sleazy,4
primitive,4
censure,4
conflicted,4
distraught,4
inevitably,4
stigma,4
frighten,4
unjust,4
disruption,4
jeopardy,4
vehemently,4
inflammation,4
disgruntled,4
uneventful,4
spewed,4
disown,4
bedlam,3
shamelessly,3
frantically,3
furiously,3
geezer,3
repel,3
distortion,3
disruptive,3
unkind,3
obliterated,3
violently,3
crept,3
harassment,3
lonesome,3
disadvantage,3
indifference,3
long-time,3
shamefully,3
distressing,3
mischievous,3
adversary,3
tentatively,3
feign,3
unresponsive,3
defiantly,3
absentee,3
inclement,3
clouding,3
intrude,3
wallow,3
submissive,3
obsessively,3
nagging,3
pique,3
heresy,3
perplexing,3
invalid,3
jabber,3
heretic,3
baffling,3
slander,3
drastic,3
ploy,3
underpaid,3
frightful,3
atrocity,3
erroneous,3
dirtbag,3
disgraced,3
undercut,3
wrinkled,3
freakishly,3
overheat,3
diabolical,3
immoral,3
jagged,3
elimination,3
longing,3
forbid,3
provocative,3
racy,3
suppress,3
blackmail,3
ail,3
perplexed,3
antiquated,3
improper,3
grouchy,3
falsehood,3
scourge,3
overwhelms,3
blurred,3
agonizing,3
cynicism,3
devious,3
fundamentalism,3
untimely,3
exploitation,3
apathetic,3
swelled,3
spoonfed,3
dissent,3
irritant,3
unsuccessful,3
overdo,3
siege,3
disagreement,3
seriousness,3
unfaithful,3
lackluster,3
lagged,3
detest,3
wary,3
nervously,3
deter,3
plunder,3
extortion,3
scramble,3
deluded,3
embarrassingly,3
shoddy,3
hopelessly,3
loophole,3
scoff,3
relapse,3
inflated,3
abruptly,3
marginal,3
reluctantly,3
junky,3
deceive,3
uproar,3
belittle,3
grimace,3
tiresome,3
unprepared,3
irritation,3
disapprove,3
unexplained,3
cheaply,3
demoralizing,3
blab,3
shun,3
deformed,3
molestation,3
profanity,3
backache,3
inconsistency,3
irk,3
jeopardize,3
suspiciously,3
flakey,3
congested,3
insinuating,3
inept,3
frantic,3
somber,3
resent,3
flair,3
subpoena,3
kooky,3
inexperienced,3
revoke,3
brainwash,3
inhumane,3
chastise,3
clunky,3
leech,3
indifferent,3
moot,3
impatiently,3
sloww,3
disastrous,3
inaccurate,3
rumbling,3
tepid,3
tingling,3
lukewarm,3
forgetful,3
accusation,3
mysteriously,3
hissed,3
omit,3
uneven,3
zealous,3
hamper,3
fictitious,3
hideously,3
perverted,3
dubious,3
tragically,3
conspire,3
rut,3
conceded,3
nuisance,3
tattered,3
unruly,3
inarticulate,3
touchy,3
kaput,3
ghastly,3
vindictive,3
imbalance,3
unimportant,3
malignant,3
phobia,3
pry,3
gall,3
maniacal,3
desperation,3
unfit,3
subdued,3
fleeing,3
gaffe,3
miscreant,3
quack,3
confound,3
chagrin,3
monstrosity,3
creaking,3
profane,3
grievance,3
depress,3
insensitive,3
aloof,3
wane,3
infamy,3
blunder,3
feeble,3
indecent,3
baseless,3
immorality,3
damper,3
collusion,3
frigging,3
snagged,3
carp,3
depressingly,3
insufficient,3
jitter,3
ailment,3
troublemaker,3
insinuate,3
brutality,3
pollute,3
decadent,3
monstrous,3
horrified,3
laughable,3
crummy,3
hesitant,3
lament,3
barbaric,3
distort,3
combust,3
outrageously,3
ruthless,3
grate,3
smokescreen,3
wayward,3
abolish,3
sobering,3
instigate,3
relentless,3
scarily,3
inefficient,3
forbidding,3
stumped,3
deprive,3
inordinately,2
battering,2
pretense,2
ripoff,2
unsafe,2
falter,2
decadence,2
recant,2
finicky,2
flagging,2
infringe,2
illegitimate,2
hindrance,2
puzzled,2
degrade,2
inflexible,2
deteriorating,2
boggle,2
infested,2
na√Øve,2
condemn,2
susceptible,2
proprietary,2
stagnant,2
nastiness,2
squirm,2
disagreed,2
toil,2
alarmed,2
petrified,2
fracture,2
pompous,2
treason,2
embroiled,2
inane,2
betraying,2
sunken,2
venomous,2
austere,2
delude,2
measly,2
incompatibility,2
skepticism,2
infernal,2
abrupt,2
dropout,2
corrupting,2
puny,2
penalize,2
ravage,2
restrict,2
illicit,2
trample,2
blemish,2
succumb,2
shrew,2
blockhead,2
recklessly,2
slogging,2
irreconcilable,2
uncomfortably,2
inefficiency,2
shimmer,2
unnatural,2
disillusioned,2
impersonal,2
desolation,2
forceful,2
hegemony,2
mudslinging,2
expel,2
sully,2
fatally,2
intolerance,2
rebellious,2
redundancy,2
worsening,2
disadvantaged,2
redundant,2
impossibly,2
shunned,2
haggle,2
awkwardness,2
perturbed,2
liable,2
effigy,2
soapy,2
confrontational,2
distrustful,2
impasse,2
imperfectly,2
demonic,2
hardball,2
impair,2
fabrication,2
ghosting,2
fatcats,2
outcry,2
accuses,2
ill-tempered,2
heckle,2
odor,2
treacherous,2
batty,2
inconceivable,2
hateful,2
haywire,2
suffocate,2
fragmented,2
detrimental,2
scolded,2
refusal,2
strained,2
intimidation,2
unconvincing,2
macabre,2
choppy,2
implacable,2
unreliability,2
evasion,2
cramping,2
backwoods,2
incorrectly,2
displaced,2
thrash,2
obtuse,2
mocked,2
precariously,2
impulsive,2
recessionary,2
scorching,2
dupe,2
smudge,2
scant,2
disprove,2
adamant,2
berate,2
dissappointed,2
straining,2
hallucinate,2
overbearingly,2
hardliner,2
overwhelmingly,2
splatter,2
waning,2
moronic,2
ambiguity,2
fateful,2
hostility,2
deviation,2
banish,2
persecution,2
stymied,2
complacent,2
contradict,2
indecently,2
posturing,2
discourage,2
browbeat,2
loath,2
overrun,2
offensively,2
dented,2
junkyard,2
droop,2
life-threatening,2
regressive,2
unreliable,2
fearful,2
cringed,2
brittle,2
illusory,2
emphatically,2
dogged,2
discord,2
instigator,2
wrongful,2
polluter,2
frighteningly,2
dismal,2
disliking,2
dishonor,2
reprehensible,2
alienated,2
disorderly,2
banal,2
harshly,2
impeach,2
aghast,2
forged,2
intrusion,2
illogical,2
refute,2
scapegoat,2
deplete,2
mercilessly,2
amputate,2
foolishly,2
inequality,2
leakage,2
amiss,2
ragged,2
unthinkable,2
sinfully,2
bickering,2
flawed,2
bashed,2
craven,2
leaky,2
beastly,2
disorganized,2
tarnished,2
pathetically,2
revert,2
inopportune,2
regretted,2
egotism,2
foreboding,2
severity,2
hardheaded,2
viciously,2
exaggeration,2
absurdness,2
anemic,2
neurotic,2
guile,2
grotesque,2
drunkard,2
restrictive,2
wimpy,2
ranted,2
evasive,2
compulsive,2
devastation,2
wrought,2
endanger,2
scathing,2
lowly,2
lethargy,2
uncouth,2
disdain,2
mispronounced,2
wasteful,2
mortified,2
unhappiness,2
dimmer,2
topple,2
deluge,2
weakening,2
vomited,2
jarring,2
swindle,2
crumple,2
monotonous,2
squealing,2
floundering,2
battered,2
abrasive,2
faithless,2
shimmy,2
hardened,2
humiliate,2
oppressive,2
malaise,2
sub-par,2
victimize,2
volatility,2
impulsively,2
floored,2
cringes,2
grating,2
flaunt,2
unsuspecting,2
terrorize,2
puzzling,2
repetitive,2
irreversible,2
indecision,2
flicker,2
incite,2
nervousness,2
chaff,2
abominable,2
caricature,2
disturbance,2
downbeat,2
tangle,2
intolerable,2
egocentric,2
divisive,2
marginally,2
contentious,2
lackey,2
heartbreakingly,2
ferocity,2
crippling,2
timid,2
defective,2
forsake,2
pander,2
spookiest,2
debauchery,2
freakish,2
disagreeing,2
disapointed,2
traduce,2
aweful,2
ungrateful,2
manipulative,2
rancor,2
imbecile,2
fallacious,2
desolate,2
laggy,2
imprisonment,2
lurk,2
wrongly,2
pillage,2
unconstitutional,2
shroud,2
inappropriately,2
disparaging,2
defamation,2
selfishness,2
conspirator,2
compulsion,2
indoctrinate,2
subordinate,2
oppressively,1
retaliate,1
exaggerate,1
heckled,1
melodramatic,1
unsuccessfully,1
predatory,1
scuff,1
incomparable,1
terribleness,1
repression,1
hysteric,1
morbidly,1
left-leaning,1
negation,1
mistrust,1
improbability,1
unskilled,1
draconian,1
startle,1
run-down,1
enslave,1
insufficiency,1
subservience,1
antithetical,1
poorest,1
obstructed,1
unease,1
cancerous,1
unforeseen,1
loathsome,1
shipwreck,1
bewildering,1
simplistic,1
inhibition,1
lamentable,1
achey,1
uproariously,1
displeasure,1
cataclysm,1
aggravate,1
forfeit,1
torturous,1
ironical,1
shrivel,1
woefully,1
infamously,1
exasperated,1
sicken,1
worryingly,1
unforgiving,1
substandard,1
smallish,1
betrays,1
capricious,1
screwy,1
two-faced,1
dismissive,1
self-interest,1
unusable,1
oversimplification,1
awfulness,1
infiltrator,1
undermined,1
impolite,1
ineptitude,1
coercion,1
dissolution,1
incessant,1
wily,1
drab,1
unsteadily,1
uncreative,1
cutthroat,1
inattentive,1
nauseating,1
paradoxically,1
discontented,1
unsound,1
tamper,1
overshadow,1
impatience,1
braggart,1
touted,1
reviled,1
feverish,1
apprehensive,1
grievous,1
improbable,1
infuriate,1
irking,1
jeer,1
mope,1
improperly,1
languid,1
tortuous,1
obstructing,1
spews,1
stodgy,1
meddle,1
humiliating,1
gawk,1
reprimand,1
jittery,1
impure,1
fibber,1
remorseful,1
leery,1
indignity,1
vagrant,1
thicker,1
paltry,1
inhibit,1
flak,1
prideful,1
condemnation,1
ludicrously,1
negligent,1
repress,1
smother,1
undocumented,1
premeditated,1
defunct,1
die-hard,1
wrangle,1
indigent,1
uneasily,1
sickeningly,1
dissident,1
monotony,1
unspeakable,1
snobbish,1
delinquent,1
harden,1
laughably,1
deplorable,1
lull,1
tumultuous,1
involuntary,1
exacerbate,1
erratically,1
opportunistic,1
lewd,1
oversimplified,1
lawless,1
altercation,1
objectionable,1
complicit,1
maddeningly,1
alienation,1
retreated,1
superstition,1
poky,1
eschew,1
ached,1
fidget,1
pittance,1
caustic,1
unethical,1
sneakily,1
coerce,1
barren,1
humiliation,1
smoldering,1
fatcat,1
bitterly,1
dreadfulness,1
blaspheme,1
unwillingly,1
stifle,1
offending,1
inadequacy,1
glut,1
unhappily,1
hotheaded,1
ill-natured,1
injudicious,1
murderous,1
pariah,1
gutless,1
vagueness,1
worsen,1
aborted,1
menacingly,1
undid,1
uglier,1
obscurity,1
contort,1
warily,1
unwatchable,1
slumping,1
engulf,1
thankless,1
conspicuously,1
obstruction,1
chafe,1
butchery,1
unsupported,1
deceptively,1
far-fetched,1
extermination,1
laid-off,1
defiant,1
inflammatory,1
disapointing,1
undersized,1
incompetence,1
overpower,1
discriminate,1
extravagance,1
subvert,1
undesirable,1
devastates,1
audacious,1
flimsy,1
curt,1
eyesore,1
apprehension,1
blockage,1
stagnate,1
unsustainable,1
unnervingly,1
harassed,1
decrepit,1
furor,1
emptiness,1
bothersome,1
crazily,1
unsavory,1
taut,1
implausible,1
suppression,1
disgustingly,1
disobey,1
skimpy,1
unfunded,1
muddle,1
obstruct,1
volatile,1
fib,1
irritable,1
discriminatory,1
anxiousness,1
ultimatum,1
degradation,1
arcane,1
disapointment,1
forsaken,1
disinterested,1
mangle,1
impediment,1
damnable,1
devilish,1
forlornly,1
watered-down,1
niggle,1
conceit,1
inescapably,1
weariness,1
lawbreaking,1
brash,1
self-defeating,1
insensitivity,1
hastily,1
presumptuous,1
undermine,1
denounce,1
subtract,1
phobic,1
debilitating,1
rile,1
uncompromising,1
indistinguishable,1
defame,1
helplessness,1
apocalyptic,1
blotchy,1
flees,1
incessantly,1
cautionary,1
detracts,1
renounce,1
flickering,1
catastrophically,1
pandemonium,1
gritty,1
timidity,1
perversion,1
bleakness,1
creak,1
recklessness,1
senile,1
satirical,1
wretch,1
grisly,1
belligerently,1
insolent,1
insincere,1
inhumanity,1
capitulate,1
regretful,1
scandalized,1
sadden,1
disappointingly,1
discouragement,1
turbulent,1
inferiority,1
litigious,1
undermines,1
stereotypically,1
daunting,1
chatterbox,1
beset,1
spurious,1
sagging,1
bungle,1
isolate,1
dunce,1
misread,1
weaken,1
egregious,1
squander,1
unnaturally,1
radically,1
slur,1
infest,1
erode,1
brusque,1
prohibit,1
spiteful,1
unfulfilled,1
inhospitable,1
rebuff,1
regretfully,1
misbehave,1
oddity,1
inexperience,1
skittish,1
earsplitting,1
spookily,1
fearsome,1
bereavement,1
blabber,1
noisier,1
nefarious,1
disservice,1
commiserate,1
opinionated,1
doomsday,1
insinuation,1
lapsed,1
counter-productive,1
thorny,1
skulk,1
blasphemous,1
snarl,1
obscenity,1
pessimistic,1
fraudulent,1
disbeliever,1
shemale,1
beseech,1
flaking,1
haughty,1
sorely,1
expire,1
infidel,1
resurgent,1
arduous,1
craftily,1
disallow,1
hestitant,1
undefined,1
deviate,1
sensationalize,1
tempest,1
incredulous,1
tormented,1
mindlessly,1
exterminate,1
gaudy,1
vengeful,1
wreak,1
slog,1
dwindling,1
anti-american,1
self-serving,1
bestial,1
revengeful,1
oblique,1
fabricate,1
streaky,1
zealot,1
bombardment,1
panicky,1
irregular,1
bloodshed,1
uncooperative,1
egotistical,1
aspersion,1
baffle,1
menial,1
lackadaisical,1
dissonance,1
indecency,1
ambiguous,1
spoon-fed,1
ingrate,1
peevish,1
douchbag,1
archaic,1
jealously,1
sporadic,1
unyielding,1
grapple,1
hapless,1
ineffectual,1
debatable,1
wince,1
lumpy,1
overplay,1
wrest,1
woebegone,1
farcical,1
grieve,1
unhelpful,1
intimidate,1
callous,1
malady,1
grossly,1
taint,1
frightfully,1
grudgingly,1
quarrelsome,1
worthlessness,1
murky,1
overbearing,1
spoon-feed,1
plaything,1
disproportionate,1
pessimism,1
foulness,1
disasterous,1
damning,1
degenerate,1
gnawing,1
contaminate,1
hurted,1
regrettably,1
misinterpret,1
rattled,1
antagonist,1
insidious,1
panicked,1
impunity,1
inveigle,1
madder,1
extinguish,1
misaligned,1
incompatible,1
sinister,1
desecrate,1
ruffian,1
heavy-handed,1
demean,1
carelessness,1
enrage,1
distaste,1
pauper,1
toughness,1
castrated,1
insignificance,1
absurdly,1
temerity,1
irrationally,1
obscenely,1
indignant,1
maliciously,1
standstill,1
insouciance,1
thumbs-down,1
shirker,1
irregularity,1
maledict,1
worrier,1
lovelorn,1
narrower,1
haggard,1
overstated,1
lethargic,1
calamitous,1
confounding,1
abort,1
fanatical,1
checkered,1
coarse,1
hasty,1
aggravating,1
overpaid,1
diabolic,1
invalidate,1
unorthodox,1
transgression,1
motley,1
deceitful,1
fickle,1
harrow,1
boisterous,1
sarcastically,1
heretical,1
distorts,1
bereft,1
devastate,1
rigid,1
obscured,1
disintegrated,1
impede,1
bruising,1
deride,1
unreasonably,1
intrusive,1
nitpick,1
bemused,1
regression,1
wickedly,1
misbehavior,1
ruinous,1
infraction,1
cash-strapped,1
corrupts,1
salacious,1
enraged,1
quandary,1
deterioration,1
ugliness,1
tenderness,1
abysmal,1
negate,1
dictatorial,1
displeased,1
precarious,1
deform,1
impurity,1
dishonesty,1
irrepressible,1
violator,1
contrived,1
berserk,1
cramped,1
lesser-known,1
ill-mannered,1
crumpled,1
